-- phpMyAdmin SQL Dump
-- version 5.2.0
-- https://www.phpmyadmin.net/
--
-- Host: 127.0.0.1
-- Generation Time: 28 أكتوبر 2024 الساعة 22:02
-- إصدار الخادم: 10.4.24-MariaDB
-- PHP Version: 8.1.6

SET SQL_MODE = "NO_AUTO_VALUE_ON_ZERO";
START TRANSACTION;
SET time_zone = "+00:00";


/*!40101 SET @OLD_CHARACTER_SET_CLIENT=@@CHARACTER_SET_CLIENT */;
/*!40101 SET @OLD_CHARACTER_SET_RESULTS=@@CHARACTER_SET_RESULTS */;
/*!40101 SET @OLD_COLLATION_CONNECTION=@@COLLATION_CONNECTION */;
/*!40101 SET NAMES utf8mb4 */;

--
-- Database: `m5azen`
--

-- --------------------------------------------------------

--
-- بنية الجدول `admins`
--

CREATE TABLE `admins` (
  `id` bigint(20) UNSIGNED NOT NULL,
  `name` varchar(191) COLLATE utf8mb4_unicode_ci NOT NULL,
  `email` varchar(191) COLLATE utf8mb4_unicode_ci NOT NULL,
  `phone_number` int(11) NOT NULL,
  `email_verified_at` timestamp NULL DEFAULT NULL,
  `password` varchar(191) COLLATE utf8mb4_unicode_ci NOT NULL,
  `created_at` timestamp NULL DEFAULT NULL,
  `updated_at` timestamp NULL DEFAULT NULL,
  `remember_token` varchar(100) COLLATE utf8mb4_unicode_ci DEFAULT NULL
) ENGINE=MyISAM DEFAULT CHARSET=utf8mb4 COLLATE=utf8mb4_unicode_ci;

--
-- إرجاع أو استيراد بيانات الجدول `admins`
--

INSERT INTO `admins` (`id`, `name`, `email`, `phone_number`, `email_verified_at`, `password`, `created_at`, `updated_at`, `remember_token`) VALUES
(1, 'إبراهيم الخياط', 'ibrahim@gmail.com', 777676006, NULL, '$2y$10$CmRq6mUQtsA2/5V6COTz/.b7popVtZhWRNde6dMV97O0asMUlfFBu', '2024-03-15 18:44:22', '2024-03-15 18:44:22', NULL);

-- --------------------------------------------------------

--
-- بنية الجدول `api`
--

CREATE TABLE `api` (
  `id` bigint(20) NOT NULL,
  `store_id` int(11) NOT NULL,
  `domain` varchar(255) NOT NULL,
  `secret` varchar(255) NOT NULL,
  `key` varchar(255) NOT NULL,
  `created_at` timestamp NOT NULL DEFAULT current_timestamp() ON UPDATE current_timestamp(),
  `updated_at` timestamp NULL DEFAULT NULL
) ENGINE=InnoDB DEFAULT CHARSET=utf8;

--
-- إرجاع أو استيراد بيانات الجدول `api`
--

INSERT INTO `api` (`id`, `store_id`, `domain`, `secret`, `key`, `created_at`, `updated_at`) VALUES
(1, 34, 'https://m5zndrop.online/', 'cs_e60d57a56819c9170c50d90ba54234d67344381a', 'ck_5fac83320f432d1efc44e8a16f4d30eaa916f4c0', '2024-03-15 21:28:42', '2024-03-15 21:28:42'),
(2, 35, 'https://m5zndrop.online/', 'cs_ebf324ca2dd53619f65d84a51a7e2799276aafcc', 'ck_6e940bab22d8e18209a2f0f08981f5a1f7369ec5', '2024-03-16 06:27:28', '2024-03-16 06:27:28');

-- --------------------------------------------------------

--
-- بنية الجدول `cart`
--

CREATE TABLE `cart` (
  `cart_id` int(11) NOT NULL,
  `store_id` int(11) NOT NULL,
  `created_at` date NOT NULL,
  `updated_at` date NOT NULL
) ENGINE=InnoDB DEFAULT CHARSET=utf8;

--
-- إرجاع أو استيراد بيانات الجدول `cart`
--

INSERT INTO `cart` (`cart_id`, `store_id`, `created_at`, `updated_at`) VALUES
(7, 34, '2024-03-16', '2024-03-16'),
(8, 35, '2024-03-16', '2024-03-16');

-- --------------------------------------------------------

--
-- بنية الجدول `cart_items`
--

CREATE TABLE `cart_items` (
  `cart_item_id` int(11) NOT NULL,
  `cart_id` int(11) NOT NULL,
  `pro_id` int(11) NOT NULL,
  `quantity` int(11) NOT NULL,
  `created_at` date NOT NULL,
  `updated_at` date NOT NULL
) ENGINE=InnoDB DEFAULT CHARSET=utf8;

-- --------------------------------------------------------

--
-- بنية الجدول `categories`
--

CREATE TABLE `categories` (
  `id` int(11) NOT NULL,
  `name` varchar(255) NOT NULL,
  `created_at` timestamp NOT NULL DEFAULT current_timestamp() ON UPDATE current_timestamp(),
  `updated_at` timestamp NULL DEFAULT NULL
) ENGINE=InnoDB DEFAULT CHARSET=utf8;

--
-- إرجاع أو استيراد بيانات الجدول `categories`
--

INSERT INTO `categories` (`id`, `name`, `created_at`, `updated_at`) VALUES
(11, 'اكسسوارات السيارات', '2024-03-15 18:45:58', '2024-03-15 18:45:58'),
(12, 'اكسسوارات الهاتف', '2024-03-15 18:46:24', '2024-03-15 18:46:24');

-- --------------------------------------------------------

--
-- بنية الجدول `dealer products`
--

CREATE TABLE `dealer products` (
  `dealer_pro_id` int(11) NOT NULL,
  `store_id` int(11) NOT NULL,
  `pro_id` int(11) NOT NULL,
  `dealer_selling_price` float NOT NULL,
  `dealer_product_name` varchar(255) NOT NULL,
  `dealer_product_desc` mediumtext DEFAULT NULL,
  `platform` varchar(255) NOT NULL,
  `created_at` date NOT NULL,
  `updated_at` date NOT NULL
) ENGINE=InnoDB DEFAULT CHARSET=utf8;

--
-- إرجاع أو استيراد بيانات الجدول `dealer products`
--

INSERT INTO `dealer products` (`dealer_pro_id`, `store_id`, `pro_id`, `dealer_selling_price`, `dealer_product_name`, `dealer_product_desc`, `platform`, `created_at`, `updated_at`) VALUES
(19, 34, 36, 7000, 'اس بي اس - سماعة دي جي ميكس - جينز', 'تعد سماعات Studio Mix DJ خطوة إلى الأمام في تجربة الصوت والأناقة. يتم التأكيد على جودة المواد والبناء لتوفير أفضل تجربة استماع بغض النظر عن النوع بفضل صوت الجهير القوي والنغمات العالية الديناميكية. يساهم نظام الألوان العصري في أسلوب فردي لا تشوبه شائبة.\r\n\r\nالمميزات:\r\n\r\nجودة صوت عالية\r\nانتاج الطاقة: 10 ميجا واط\r\nاستجابة التردد: 20Hz - 20KHz\r\nذكية قابلة للطي وقابل للتعديل رئيس الفرقة\r\nاللون: احمر', 'سلة', '2024-03-16', '2024-03-16'),
(20, 34, 32, 22000, 'قوي - بيست 35 واط بطارية متنقلة', 'بيست فائق السرعة 35 واط | بطارية متنقلة 10000 ملي أمبير  \r\nتتميز البطارية المتنقلة بتصميم مناسب لشحن الأجهزة في وقت واحد. متوافق مع معظم الهواتف الذكية والأجهزة اللوحية وأجهزة Garming ومشغلات DVD المحمولة وMP3 وMP4 وBluetooth. يمكن وضعها بسهولة في حقيبتك لتوفير طاقة فورية لشحن أجهزتك في أي وقت وفي أي مكان!\r\n\r\n \r\n\r\nالخصائص:\r\nالسعة: 10000 ملي أمبير\r\nتقنية الباور ديلفري بي دي\r\nتقنية الكوالكوم 3.0\r\nالإدخال Type-C1 & Type-C2:\r\nDC 5V/3A,9V/3A, 12V/3A,15V/2.33A,20V/1.75A 35W\r\nالإخراج Type-C1 & Type-C2:\r\nDC 5V/3A,9V/3A, 12V/3A,15V/2.33A,20V/1.75A 35W\r\nالاخراج USB-A1:\r\nDC 5V/3A,9V/2A, 10V/2.25A,12V/1.5A 22.5W\r\nإجمالي الاخراج: 15W MAX\r\nشاشة رقمية\r\nيتضمن كيبل', 'سلة', '2024-03-16', '2024-03-16'),
(21, 34, 29, 35000, 'تظليل نانو درجة 0.2', 'تظليل عازل حراري بتقنية النانو سيراميك بصناعة امريكية 100% وجودة عالية جداً وبسعر توفيري وضمان حصري\r\n\r\n\r\n\r\nيمتاز تظليل النانو سيراميك بقوة العزل العالية ويتكون من طبقتين تحجب عنك اشعة الشمس الحارة والضارة بتقنية النانو حتى تشعر بكفاءة تبريد التكييف اضافةً الى الحفاظ على ديكورات السيارة لمدة اطول\r\n\r\n\r\n\r\nمواصفات العازل الحراري\r\n\r\ncolor : black\r\n\r\nVLT ; 39%\r\n\r\nUVR ; 99%\r\n\r\nIRR : 95%\r\n\r\n\r\n\r\nيحتوي بكج التظليل على :\r\n\r\nرول عازل حراري لجميع نوافذ السيارة الجانبية والخلفية بمجموع 4 متر طول X عرض 1 متر بدرجة لون 02\r\nرول عازل حراري للزجاج الامامي بمحموع 2 متر طول X عرض 1 متر بدرجة لون شفافة 00\r\nالزجاج الامامي شفاف بنسبة 67%', 'سلة', '2024-03-16', '2024-03-16'),
(22, 34, 16, 6500, 'بوكس مزدوج 3 في 1', 'يمكن لهذا البوكس تشغيل التلفزيون بأمان، مضخة هواء السرير، أو ببساطة شحن الكمبيوتر المحمول، الهاتف، الكمبيوتر اللوحي، وأكثر من ذلك. تأكد من البقاء على اتصال أثناء السفر في العالم.\nسوبر المدمجة وخفيفة الوزن: تصميم حجم حزام يوفر مساحة وسهلة لتخزين.\n\nتساعد مراوح التبريد المدمجة في تقليل الحرارة ومنع النقص.\nمناسبة للسيارات، السفن، الطاقة الشمسية/طاقة الرياح، مكتب المحمول، العمل في حالات الطوارئ، خارج واجب.\n\nالمواصفات:-\nالطاقة: 1500W\nالنوع: 12 فولت/24 فولت إلى 220 فولت\nالناتج الجهد: 220 فولت\nجهد الإدخال: 12 فولت/24 فولت\nالحد الأقصى لدرجة حرارة التشغيل: 75 ℃\nحجم: 14.5x8x4 سنتيمتر/5.7×3.14×1.57inيمكن لهذا البوكس تشغيل التلفزيون بأمان، مضخة هواء السرير، أو ببساطة شحن الكمبيوتر المحمول، الهاتف، الكمبيوتر اللوحي، وأكثر من ذلك. تأكد من البقاء على اتصال أثناء السفر في العالم.\nسوبر المدمجة وخفيفة الوزن: تصميم حجم حزام يوفر مساحة وسهلة لتخزين.\n\nتساعد مراوح التبريد المدمجة في تقليل الحرارة ومنع النقص.\nمناسبة للسيارات، السفن، الطاقة الشمسية/طاقة الرياح، مكتب المحمول، العمل في حالات الطوارئ، خارج واجب.\n\nالمواصفات:-\nالطاقة: 1500W\nالنوع: 12 فولت/24 فولت إلى 220 فولت\nالناتج الجهد: 220 فولت\nجهد الإدخال: 12 فولت/24 فولت\nالحد الأقصى لدرجة حرارة التشغيل: 75 ℃\nحجم: 14.5x8x4 سنتيمتر/5.7×3.14×1.57in', 'سلة', '2024-03-16', '2024-03-16'),
(23, 35, 41, 4500, 'بطاقة ذاكرة سانديسك مايكرو اس دي حجم 32 جيجا', 'بطاقة ذاكرة سانديسك مايكرو اس دي حجم 32 جيجا\r\n\r\nهل تبحث عن كرت ميموري ذو جودة عالية ومساحة تخزينية كبيرة؟ إذاً، بطاقة ذاكرة سانديسك مايكرو اس دي بحجم 32 جيجا هي الخيار الأمثل لك. تتميز هذه البطاقة بسرعة قراءة وكتابة البيانات، مما يسمح لك بنقل الملفات بسهولة وسرعة. تستخدم سانديسك تقنية الفئة 10 للأداء العالي، مما يعني أنه يمكنك تسجيل الفيديوهات بجودة عالية بدون تأخير. يمكن استخدام هذه البطاقة مع كل المنتجات التي تدعم مكبرات الصوت والكاميرات والهواتف الذكية. احصل على بطاقة ذاكرة سانديسك مايكرو اس دي حجم 32 جيجا الآن واستمتع بالتخزين الآمن والسريع لجميع ملفاتك الهامة.\r\n\r\nوصف المنتج:\r\n\r\nسرعة النقل 100 MB/s\r\nفئة 10 لتسجيل وتشغيل الفيديو عالي الدقة\r\nيعمل مع الهواتف الذكية والأجهزة اللوحية التي تعمل بنظام Android', 'سلة', '2024-03-16', '2024-03-16'),
(24, 35, 36, 7000, 'اس بي اس - سماعة دي جي ميكس - جينز', 'تعد سماعات Studio Mix DJ خطوة إلى الأمام في تجربة الصوت والأناقة. يتم التأكيد على جودة المواد والبناء لتوفير أفضل تجربة استماع بغض النظر عن النوع بفضل صوت الجهير القوي والنغمات العالية الديناميكية. يساهم نظام الألوان العصري في أسلوب فردي لا تشوبه شائبة.\r\n\r\nالمميزات:\r\n\r\nجودة صوت عالية\r\nانتاج الطاقة: 10 ميجا واط\r\nاستجابة التردد: 20Hz - 20KHz\r\nذكية قابلة للطي وقابل للتعديل رئيس الفرقة\r\nاللون: احمر', 'سلة', '2024-03-16', '2024-03-16'),
(25, 35, 32, 25000, 'قوي - بيست 35 واط بطارية متنقلة', 'بيست فائق السرعة 35 واط | بطارية متنقلة 10000 ملي أمبير  \nتتميز البطارية المتنقلة بتصميم مناسب لشحن الأجهزة في وقت واحد. متوافق مع معظم الهواتف الذكية والأجهزة اللوحية وأجهزة Garming ومشغلات DVD المحمولة وMP3 وMP4 وBluetooth. يمكن وضعها بسهولة في حقيبتك لتوفير طاقة فورية لشحن أجهزتك في أي وقت وفي أي مكان!\n\n \n\nالخصائص:\nالسعة: 10000 ملي أمبير\nتقنية الباور ديلفري بي دي\nتقنية الكوالكوم 3.0\nالإدخال Type-C1 & Type-C2:\nDC 5V/3A,9V/3A, 12V/3A,15V/2.33A,20V/1.75A 35W\nالإخراج Type-C1 & Type-C2:\nDC 5V/3A,9V/3A, 12V/3A,15V/2.33A,20V/1.75A 35W\nالاخراج USB-A1:\nDC 5V/3A,9V/2A, 10V/2.25A,12V/1.5A 22.5W\nإجمالي الاخراج: 15W MAX\nشاشة رقمية\nيتضمن كيبل', 'سلة', '2024-03-16', '2024-03-16');

-- --------------------------------------------------------

--
-- بنية الجدول `delivery`
--

CREATE TABLE `delivery` (
  `delivery_id` int(11) NOT NULL,
  `name` varchar(255) NOT NULL,
  `shipping_fees` float NOT NULL,
  `created_at` date NOT NULL,
  `updated_at` date NOT NULL
) ENGINE=InnoDB DEFAULT CHARSET=utf8;

--
-- إرجاع أو استيراد بيانات الجدول `delivery`
--

INSERT INTO `delivery` (`delivery_id`, `name`, `shipping_fees`, `created_at`, `updated_at`) VALUES
(4, 'دراجة نارية', 1000, '2024-03-16', '2024-03-16'),
(5, 'المقطري', 2000, '2024-03-16', '2024-03-16');

-- --------------------------------------------------------

--
-- بنية الجدول `failed_jobs`
--

CREATE TABLE `failed_jobs` (
  `id` bigint(20) UNSIGNED NOT NULL,
  `uuid` varchar(191) COLLATE utf8mb4_unicode_ci NOT NULL,
  `connection` text COLLATE utf8mb4_unicode_ci NOT NULL,
  `queue` text COLLATE utf8mb4_unicode_ci NOT NULL,
  `payload` longtext COLLATE utf8mb4_unicode_ci NOT NULL,
  `exception` longtext COLLATE utf8mb4_unicode_ci NOT NULL,
  `failed_at` timestamp NOT NULL DEFAULT current_timestamp()
) ENGINE=MyISAM DEFAULT CHARSET=utf8mb4 COLLATE=utf8mb4_unicode_ci;

-- --------------------------------------------------------

--
-- بنية الجدول `migrations`
--

CREATE TABLE `migrations` (
  `id` int(10) UNSIGNED NOT NULL,
  `migration` varchar(191) COLLATE utf8mb4_unicode_ci NOT NULL,
  `batch` int(11) NOT NULL
) ENGINE=MyISAM DEFAULT CHARSET=utf8mb4 COLLATE=utf8mb4_unicode_ci;

--
-- إرجاع أو استيراد بيانات الجدول `migrations`
--

INSERT INTO `migrations` (`id`, `migration`, `batch`) VALUES
(1, '2014_10_12_000000_create_users_table', 1),
(2, '2014_10_12_100000_create_password_resets_table', 1),
(3, '2019_08_19_000000_create_failed_jobs_table', 1),
(4, '2019_12_14_000001_create_personal_access_tokens_table', 1),
(5, '2024_01_06_191000_create_admins_table', 1),
(6, '2024_01_12_202437_add_column_to_admins_table', 1);

-- --------------------------------------------------------

--
-- بنية الجدول `order details`
--

CREATE TABLE `order details` (
  `order_details_id` int(11) NOT NULL,
  `order_id` int(11) NOT NULL,
  `pro_id` int(11) NOT NULL,
  `quantity` int(11) NOT NULL,
  `total_cost` float NOT NULL,
  `sub_weight` int(11) NOT NULL,
  `created_at` date NOT NULL,
  `updated_at` date NOT NULL
) ENGINE=InnoDB DEFAULT CHARSET=utf8;

--
-- إرجاع أو استيراد بيانات الجدول `order details`
--

INSERT INTO `order details` (`order_details_id`, `order_id`, `pro_id`, `quantity`, `total_cost`, `sub_weight`, `created_at`, `updated_at`) VALUES
(7, 13, 16, 2, 10000, 400, '2024-03-16', '2024-03-16'),
(8, 13, 29, 1, 30000, 1000, '2024-03-16', '2024-03-16'),
(11, 17, 16, 1, 6500, 0, '2024-03-16', '2024-03-16'),
(12, 18, 29, 2, 70000, 270, '2024-03-16', '2024-03-16'),
(13, 18, 16, 1, 6500, 270, '2024-03-16', '2024-03-16'),
(14, 19, 16, 1, 6500, 270, '2024-03-16', '2024-03-16'),
(52, 42, 36, 6, 36000, 1200, '2024-03-16', '2024-03-16'),
(53, 43, 32, 1, 17000, 300, '2024-03-16', '2024-03-16'),
(54, 44, 32, 1, 25000, 270, '2024-03-16', '2024-03-16');

-- --------------------------------------------------------

--
-- بنية الجدول `orders`
--

CREATE TABLE `orders` (
  `order_id` int(11) NOT NULL,
  `store_id` int(11) NOT NULL,
  `delivery_id` int(11) NOT NULL,
  `platform` varchar(255) NOT NULL,
  `payment_status` varchar(255) NOT NULL,
  `customer_phone` varchar(255) NOT NULL,
  `customer_name` varchar(255) NOT NULL,
  `customer_email` varchar(255) NOT NULL,
  `shipping_address` varchar(255) NOT NULL,
  `order_status` varchar(255) NOT NULL,
  `total_per_shp` float NOT NULL,
  `total_weight` int(11) NOT NULL,
  `total_amount` float NOT NULL,
  `created_at` timestamp NOT NULL DEFAULT current_timestamp() ON UPDATE current_timestamp(),
  `updated_at` timestamp NULL DEFAULT NULL
) ENGINE=InnoDB DEFAULT CHARSET=utf8;

--
-- إرجاع أو استيراد بيانات الجدول `orders`
--

INSERT INTO `orders` (`order_id`, `store_id`, `delivery_id`, `platform`, `payment_status`, `customer_phone`, `customer_name`, `customer_email`, `shipping_address`, `order_status`, `total_per_shp`, `total_weight`, `total_amount`, `created_at`, `updated_at`) VALUES
(13, 34, 4, 'سلة', 'تم الدفع', '776838299', 'احمد الوادعي', 'ahmed@gmail.com', 'شارع المطار', 'يتم توصيل الطلب', 40000, 1400, 41000, '2024-03-16 00:27:06', '2024-03-15 21:27:06'),
(17, 34, 5, 'Woocommerce', 'تم الدفع', '776273760', 'محمد الوادعي', 'mohammedwadei@gmail.com', 'شارع البحث  صنعاء', 'تم التوصيل', 2000, 0, 8500, '2024-03-16 01:38:52', '2024-03-15 22:38:52'),
(18, 34, 5, 'Woocommerce', 'تم الدفع', '776273760', 'محمد الوادعي', 'mohammedwadei@gmail.com', 'شارع البحث  صنعاء', 'قيد التنفيذ', 2000, 0, 78500, '2024-03-16 01:34:57', '2024-03-15 22:34:57'),
(19, 34, 5, 'Woocommerce', 'تم الدفع', '776273760', 'محمد الوادعي', 'mohammedwadei@gmail.com', 'شارع البحث  صنعاء', 'قيد التنفيذ', 2000, 0, 8500, '2024-03-16 01:34:30', '2024-03-15 22:34:30'),
(42, 35, 4, 'السلة', 'تم الدفع', '777888777', 'د. وليد شاهر', 'waleed@gmail.com', 'شارع الستين', 'قيد التنفيذ', 36000, 1200, 37000, '2024-03-16 09:19:18', '2024-03-16 06:19:18'),
(43, 35, 4, 'السلة', 'تم الدفع', '3548434', 'كتلكنخسينل', 'kxibrahimxk@gmail.com', 'khgshdg', 'قيد التنفيذ', 17000, 300, 18000, '2024-03-16 09:22:16', '2024-03-16 06:22:16'),
(44, 34, 5, 'Woocommerce', 'لم يتم الدفع', '776273760', 'محمد الوادعي', 'mohammedwadei@gmail.com', 'شارع البحث  صنعاء', 'قيد التنفيذ', 2000, 0, 27000, '2024-03-16 06:35:59', '2024-03-16 06:35:59');

-- --------------------------------------------------------

--
-- بنية الجدول `password_resets`
--

CREATE TABLE `password_resets` (
  `email` varchar(191) COLLATE utf8mb4_unicode_ci NOT NULL,
  `token` varchar(191) COLLATE utf8mb4_unicode_ci NOT NULL,
  `created_at` timestamp NULL DEFAULT NULL
) ENGINE=MyISAM DEFAULT CHARSET=utf8mb4 COLLATE=utf8mb4_unicode_ci;

-- --------------------------------------------------------

--
-- بنية الجدول `personal_access_tokens`
--

CREATE TABLE `personal_access_tokens` (
  `id` bigint(20) UNSIGNED NOT NULL,
  `tokenable_type` varchar(191) COLLATE utf8mb4_unicode_ci NOT NULL,
  `tokenable_id` bigint(20) UNSIGNED NOT NULL,
  `name` varchar(191) COLLATE utf8mb4_unicode_ci NOT NULL,
  `token` varchar(64) COLLATE utf8mb4_unicode_ci NOT NULL,
  `abilities` text COLLATE utf8mb4_unicode_ci DEFAULT NULL,
  `last_used_at` timestamp NULL DEFAULT NULL,
  `expires_at` timestamp NULL DEFAULT NULL,
  `created_at` timestamp NULL DEFAULT NULL,
  `updated_at` timestamp NULL DEFAULT NULL
) ENGINE=MyISAM DEFAULT CHARSET=utf8mb4 COLLATE=utf8mb4_unicode_ci;

-- --------------------------------------------------------

--
-- بنية الجدول `products`
--

CREATE TABLE `products` (
  `id` int(11) NOT NULL,
  `name` varchar(255) NOT NULL,
  `description` mediumtext DEFAULT NULL,
  `purchasing_price` float DEFAULT NULL,
  `selling_price` float DEFAULT NULL,
  `suggested_selling_price` float DEFAULT NULL,
  `weight` float NOT NULL,
  `quantity` int(11) DEFAULT NULL,
  `barcode` bigint(20) DEFAULT NULL,
  `image` varchar(255) NOT NULL,
  `cat_id` int(11) NOT NULL,
  `subCat_id` int(11) NOT NULL,
  `created_at` timestamp NOT NULL DEFAULT current_timestamp() ON UPDATE current_timestamp(),
  `updated_at` timestamp NULL DEFAULT NULL
) ENGINE=InnoDB DEFAULT CHARSET=utf8;

--
-- إرجاع أو استيراد بيانات الجدول `products`
--

INSERT INTO `products` (`id`, `name`, `description`, `purchasing_price`, `selling_price`, `suggested_selling_price`, `weight`, `quantity`, `barcode`, `image`, `cat_id`, `subCat_id`, `created_at`, `updated_at`) VALUES
(16, 'بوكس مزدوج 3 في 1 محول كهرباء ولاعة وشاحن', 'يمكن لهذا البوكس تشغيل التلفزيون بأمان، مضخة هواء السرير، أو ببساطة شحن الكمبيوتر المحمول، الهاتف، الكمبيوتر اللوحي، وأكثر من ذلك. تأكد من البقاء على اتصال أثناء السفر في العالم.\r\nسوبر المدمجة وخفيفة الوزن: تصميم حجم حزام يوفر مساحة وسهلة لتخزين.\r\n\r\nتساعد مراوح التبريد المدمجة في تقليل الحرارة ومنع النقص.\r\nمناسبة للسيارات، السفن، الطاقة الشمسية/طاقة الرياح، مكتب المحمول، العمل في حالات الطوارئ، خارج واجب.\r\n\r\nالمواصفات:-\r\nالطاقة: 1500W\r\nالنوع: 12 فولت/24 فولت إلى 220 فولت\r\nالناتج الجهد: 220 فولت\r\nجهد الإدخال: 12 فولت/24 فولت\r\nالحد الأقصى لدرجة حرارة التشغيل: 75 ℃\r\nحجم: 14.5x8x4 سنتيمتر/5.7×3.14×1.57inيمكن لهذا البوكس تشغيل التلفزيون بأمان، مضخة هواء السرير، أو ببساطة شحن الكمبيوتر المحمول، الهاتف، الكمبيوتر اللوحي، وأكثر من ذلك. تأكد من البقاء على اتصال أثناء السفر في العالم.\r\nسوبر المدمجة وخفيفة الوزن: تصميم حجم حزام يوفر مساحة وسهلة لتخزين.\r\n\r\nتساعد مراوح التبريد المدمجة في تقليل الحرارة ومنع النقص.\r\nمناسبة للسيارات، السفن، الطاقة الشمسية/طاقة الرياح، مكتب المحمول، العمل في حالات الطوارئ، خارج واجب.\r\n\r\nالمواصفات:-\r\nالطاقة: 1500W\r\nالنوع: 12 فولت/24 فولت إلى 220 فولت\r\nالناتج الجهد: 220 فولت\r\nجهد الإدخال: 12 فولت/24 فولت\r\nالحد الأقصى لدرجة حرارة التشغيل: 75 ℃\r\nحجم: 14.5x8x4 سنتيمتر/5.7×3.14×1.57in', 4000, 5000, 6000, 200, 8, 8801116035007, '17105409264955.jpg', 11, 13, '2024-03-16 02:17:49', '2024-03-15 23:17:49'),
(17, 'محول ولاعة 3 منافذ 1USB', 'هذا المقبس الفاصل ثلاثي الاتجاه في مقبس الطاقة السيارة (مقبس ولاعة السجائر) وسوف توفر لك ثلاثة مقبس بدلا من واحد.\r\nوهو مثالي للاستخدام مع شاحن سيارة، مشغل MP3، آي بود، آيفون، محولات، المساعد الشخصي الرقمي الخ.\r\nهذا ثلاثة طريقة سيارة ولاعة السجائر المقبس يحول ويزيد من ولاعة السجائر سيارتك من واحد إلى ثلاثة، بالإضافة إلى منفذ يو اس بي إضافي.\r\nشاحن يو اس بي الإخراج: 5 فولت، 500mA الثلاثي المقبس الإخراج: 12 فولت متوافق مع: جميع مقابس ولاعة السجائر في السيارة مع تيار مستمر 12 فولت.', 800, 1000, 1500, 150, 15, 755745699119, '17105410852217.jpg', 11, 13, '2024-03-15 23:46:17', '2024-03-15 20:46:17'),
(18, 'فواحة سيارة الكترونية', '✅️ جهاز فواحة مرطب ومعطر الجو للسيارة .\r\n✅️يزيل الروائح الكريهة وغير المرغوب بها .\r\n✅️ رائحة تدوم طويلاً .\r\n✅️ يقضى على الروائح الكريهة .\r\n✅️ يقضى على اثار التدخين .\r\n✅️ بتصميم مدمج يعمل على منفذ الولاعة بالسيارة .\r\n✅ يعمل على ثلاث وضعيات تشغيل. تشغيل متقطع .\r\n✅️امكانية الدوران 180 درجة .\r\n✅️يمكنك إضافة عطرك الخاص ( عطرخفيف وليس ثقيل ( زيتي ) ) ودمجه مع الماء لتشغيله في الفواحة .\r\n\r\n◾️المواصفات :\r\n\r\n✅️جهد العمل: DC 12V .\r\n✅️تيار التشغيل: 130mA-150mA\r\n✅️الطاقة: 1.5 واط2 واط .\r\n✅️ كمية الرذاذ 25 مل في الساعة .\r\n✅️ تعمل على كهرباء 12 فولت .\r\n✅️تستوعب مياه سعة 50 سم .\r\n✅️الأبعاد: 57 مم × 56 مم × 164 مم (الطول × العرض × الارتفاع) .\r\n✅️ 1 مرطب للهواء، 1 اسفنجة (قطعة احتياطية) 1 دليل مستخدم .', 1500, 2500, 3500, 180, 15, 5489632050148, '17105412215736.jpg', 11, 13, '2024-03-15 23:46:17', '2024-03-15 20:46:17'),
(19, 'ثلاجة سيارة حار وبارد', 'الاستخدام المزدوج (حار و بارد)\r\nالجهد: التيار المتناوب 220 فولت\r\nتيار مستمر 12 فولت\r\nالطاقة: 27-48 واط\r\nالمواد: PP البلاستيك\r\nالسعة: 8.5L\r\nاللون: الأزرق\r\nدرجة حرارة التبريد: في بيئة 20-25 درجة ، وأقل يمكن أن تصل إلى 2 درجة\r\nدرجة حرارة التدفئة: 55-65 درجة', 17000, 18000, 2000, 1000, 10, 20308090543, '1710541503479.jpg', 11, 13, '2024-03-15 23:46:17', '2024-03-15 20:46:17'),
(20, 'ليد كشافات فراشة', 'اسم المنتج: LED فراشة\r\nالجهد: تيار مستمر 36 فولت\r\nمصدر الضوء: LED\r\nالطاقة: 45w/زوج\r\nشمعة: 15000LM (7500LM * 2)\r\nدرجة حرارة اللون: 3000K/6000K/8000K\r\nخدمة الحياة: >35000h\r\nدرجة حرارة العمل: -40 درجة مئوية ~ + 80 درجة مئوية\r\nالتطبيق: مصباح ‏LED ‏للسيارات\r\nالمواد: سبائك الألومنيوم\r\nالميزات: المدمج في مروحة التدفئة', 13000, 14000, 19000, 220, 4, 90216546987302, '17105417183686.jpg', 11, 12, '2024-03-15 23:52:08', '2024-03-15 20:52:08'),
(21, 'ليد كشافات مروحة البرتقالي', 'الجهد: تيار مستمر 12 فولت\r\nمصدر الضوء: LED\r\nالطاقة: 80/زوج\r\nلومين: 9000LM/زوج (4500LM * 2)\r\nدرجة حرارة اللون: 3000K/4300k/\r\nعمر التشغيل: >35000H\r\nنوعية المواد:سبائك الألومنيوم\r\nالميزة :مروحة مدمجة للتدفئة\r\nنوع المقبس: H1/H4/H7/H11/9005/9006/', 11000, 12000, 16000, 210, 4, 8045920351069, '1710541878511.jpg', 11, 12, '2024-03-15 23:52:08', '2024-03-15 20:52:08'),
(22, 'ليد مروحة LED CANBUS 120W', 'المواصفات :-\r\n. EMC محرك ذكي ، Canbus لا خطأ،\r\n.Led رقاقة: سوبر مشرق\r\n. الطاقة: 120 W/Pair\r\n. تدفق مضيئة: 35000LM/زوج\r\n. الجهد: DC9-36V(12 فولت 24 فولت)\r\n. درجة حرارة اللون: 6000K أبيض نقي\r\n. المواد: الألومنيوم\r\n. درجة حرارة التشغيل: -40 درجة مئوية ~ 105 درجة مئوية\r\n. أكثر من 50000 ساعة عمر وحيد\r\n. الكل في واحد تصميم صغير الحجم والمكونات\r\nمروحة تبريد سريعة 11.12000 دورة في الدقيقة\r\n.IP68 تصميم مقاوم للماء', 15000, 16000, 18000, 230, 4, 1030628040603, '17105419919034.jpg', 11, 12, '2024-03-15 23:52:08', '2024-03-15 20:52:08'),
(23, 'ليد رجوع خلفي سيارة T15-45SMD', 'الوصف:-\r\n\r\nرقاقة نموذج: 4014\r\n\r\nعدد الرقائق: 45\r\n\r\n-اللون: أبيض + احمر + برتقالي\r\n\r\nنوع المقبس: T15 كبس\r\n\r\nالجهد: 12V\r\n\r\nدرجة حرارة اللون: 6500k\r\n\r\nالحياة: 50000 ساعة\r\n\r\nالمواد: PCB', 1000, 2000, 3000, 204, 4, 4875925810354, '17105422367217.jpg', 11, 12, '2024-03-15 23:52:08', '2024-03-15 20:52:08'),
(24, 'تلابيس سنتافي وكالة 2008-2012', 'اللون : ١- بيج ٢- جملي\r\nخامات: ١- جلد ٢- قماش شمواه\r\nاشكال : ١- سادة ٢- مربعات', 58000, 60000, 75000, 2500, 2, 9865428750301, '17105424126183.jpg', 11, 11, '2024-03-15 23:50:40', '2024-03-15 20:50:40'),
(25, 'تلابيس برادو وكالة 2004-2010', 'الوان : ١-بيج ٢-جملي\r\nخامات: ١- جلد ٢- قماش\r\nاشكال : ١- سادة ٢- مربعات', 68000, 70000, 80000, 2800, 2, 9865782402106, '17105425405980.jpg', 11, 11, '2024-03-15 23:50:40', '2024-03-15 20:50:40'),
(26, 'تلابيس توسان وكالة 2012-2016', 'اللون : ١- بيج ٢- جملي\r\nخامات: ١- جلد ٢- قماش شمواه\r\nاشكال : ١- سادة ٢- مربعات', 58000, 60000, 75000, 2500, 2, 9858725463201, '17105426668874.jpg', 11, 11, '2024-03-15 23:50:40', '2024-03-15 20:50:40'),
(27, 'تظليل نانو درجة 0.0', 'تظليل عازل حراري بتقنية النانو سيراميك بصناعة امريكية 100% وجودة عالية جداً وبسعر توفيري وضمان حصري\r\n\r\n\r\n\r\nيمتاز تظليل النانو سيراميك بقوة العزل العالية ويتكون من طبقتين تحجب عنك اشعة الشمس الحارة والضارة بتقنية النانو حتى تشعر بكفاءة تبريد التكييف اضافةً الى الحفاظ على ديكورات السيارة لمدة اطول\r\n\r\n\r\n\r\nمواصفات العازل الحراري\r\n\r\ncolor : black\r\n\r\nVLT ; 67%\r\n\r\nUVR ; 99%\r\n\r\nIRR : 90%\r\n\r\n\r\n\r\nيشمل بكج التظليل على :\r\n\r\nرول عازل حراري لجميع نوافذ السيارة الجانبية والخلفية والامامية بمجموع 6 متر طول X عرض 1 متر بدرجة لون شفافة\r\nالزجاج الامامي شفاف بنسبة 67%', 28000, 30000, 35000, 1000, 5, 5463879620102, '17105433782820.png', 11, 10, '2024-03-15 23:48:23', '2024-03-15 20:48:23'),
(28, 'تظليل نانو درجة 0.1', 'تظليل عازل حراري بتقنية النانو سيراميك بصناعة امريكية 100% وجودة عالية جداً وبسعر توفيري وضمان حصري\r\n\r\n\r\n\r\nيمتاز تظليل النانو سيراميك بقوة العزل العالية ويتكون من طبقتين تحجب عنك اشعة الشمس الحارة والضارة بتقنية النانو حتى تشعر بكفاءة تبريد التكييف اضافةً الى الحفاظ على ديكورات السيارة لمدة اطول\r\n\r\n\r\n\r\nمواصفات العازل الحراري\r\n\r\ncolor : black\r\n\r\nVLT ; 67%\r\n\r\nUVR ; 99%\r\n\r\nIRR : 95%\r\n\r\n\r\n\r\nيحتوي بكج التظليل على :\r\n\r\nرول عازل حراري لجميع نوافذ السيارة الجانبية والخلفية بمجموع 4 متر طول X عرض 1 متر بدرجة لون 01\r\nرول عازل حراري للزجاج الامامي بمحموع 2 متر طول X عرض 1 متر بدرجة لون شفافة 00', 28000, 30000, 35000, 1000, 5, 5684579601035, '17105435663065.png', 11, 10, '2024-03-15 23:48:23', '2024-03-15 20:48:23'),
(29, 'تظليل نانو درجة 0.2', 'تظليل عازل حراري بتقنية النانو سيراميك بصناعة امريكية 100% وجودة عالية جداً وبسعر توفيري وضمان حصري\r\n\r\n\r\n\r\nيمتاز تظليل النانو سيراميك بقوة العزل العالية ويتكون من طبقتين تحجب عنك اشعة الشمس الحارة والضارة بتقنية النانو حتى تشعر بكفاءة تبريد التكييف اضافةً الى الحفاظ على ديكورات السيارة لمدة اطول\r\n\r\n\r\n\r\nمواصفات العازل الحراري\r\n\r\ncolor : black\r\n\r\nVLT ; 39%\r\n\r\nUVR ; 99%\r\n\r\nIRR : 95%\r\n\r\n\r\n\r\nيحتوي بكج التظليل على :\r\n\r\nرول عازل حراري لجميع نوافذ السيارة الجانبية والخلفية بمجموع 4 متر طول X عرض 1 متر بدرجة لون 02\r\nرول عازل حراري للزجاج الامامي بمحموع 2 متر طول X عرض 1 متر بدرجة لون شفافة 00\r\nالزجاج الامامي شفاف بنسبة 67%', 28000, 30000, 35000, 1000, 3, 5642010359752, '1710543732685.png', 11, 10, '2024-03-16 01:34:57', '2024-03-15 22:34:57'),
(30, 'تظليل فتحة سقف', 'تظليل عازل حراري بتقنية النانو سيراميك بصناعة امريكية 100% وجودة عالية جداً وبسعر توفيري وضمان حصري\r\n\r\n\r\n\r\nيمتاز تظليل النانو سيراميك بقوة العزل العالية ويتكون من طبقتين تحجب عنك اشعة الشمس الحارة والضارة بتقنية النانو حتى تشعر بكفاءة تبريد التكييف اضافةً الى الحفاظ على ديكورات السيارة لمدة اطول\r\n\r\n\r\n\r\nمواصفات العازل الحراري\r\n\r\ncolor : black\r\n\r\nVLT ; 35% , 50% , 70%\r\n\r\nUVR ; up to 99.8%\r\n\r\nIRR : up to 97%\r\n\r\n\r\n\r\nيحتوي صندوق التظليل على :\r\n\r\nتظليل عازل حراري لفتحة سقف السيارة بمجموع 1 متر طول X عرض 1 متر', 2000, 3000, 4000, 150, 5, 5426103201450, '17105438914431.png', 11, 10, '2024-03-15 23:48:23', '2024-03-15 20:48:23'),
(31, 'قوي - كيبل بيست', 'قوي - كيبل بيست\r\nمعتمد من شركة أبل MFI\r\nعلامة إلكترونية مزودة بشريحة ذكية', 20000, 21000, 25000, 100, 3, 6285924001874, '17105441835601.jpg', 12, 14, '2024-03-15 23:54:19', '2024-03-15 20:54:19'),
(32, 'قوي - بيست 35 واط بطارية متنقلة', 'بيست فائق السرعة 35 واط | بطارية متنقلة 10000 ملي أمبير  \r\nتتميز البطارية المتنقلة بتصميم مناسب لشحن الأجهزة في وقت واحد. متوافق مع معظم الهواتف الذكية والأجهزة اللوحية وأجهزة Garming ومشغلات DVD المحمولة وMP3 وMP4 وBluetooth. يمكن وضعها بسهولة في حقيبتك لتوفير طاقة فورية لشحن أجهزتك في أي وقت وفي أي مكان!\r\n\r\n \r\n\r\nالخصائص:\r\nالسعة: 10000 ملي أمبير\r\nتقنية الباور ديلفري بي دي\r\nتقنية الكوالكوم 3.0\r\nالإدخال Type-C1 & Type-C2:\r\nDC 5V/3A,9V/3A, 12V/3A,15V/2.33A,20V/1.75A 35W\r\nالإخراج Type-C1 & Type-C2:\r\nDC 5V/3A,9V/3A, 12V/3A,15V/2.33A,20V/1.75A 35W\r\nالاخراج USB-A1:\r\nDC 5V/3A,9V/2A, 10V/2.25A,12V/1.5A 22.5W\r\nإجمالي الاخراج: 15W MAX\r\nشاشة رقمية\r\nيتضمن كيبل', 16000, 17000, 22000, 300, 2, 6285924001799, '17105443781033.jpg', 12, 14, '2024-03-16 09:22:16', '2024-03-16 06:22:16'),
(33, 'قوي - كيبل فليكس لايتننق تايب سي 1.5 متر - كحلي', 'كيبل ايفون تايب سي لمزامنة وشحن أجهزة ابل الخاصة بك بتصميم مرن يلائم تفضيلات المستخدم. يسمح لأجهزتك بالبقاء مشحونة.\r\n\r\nالطول: 1.5 متر\r\nمعتمد من ابل', 5000, 6000, 7500, 80, 3, 6285924000235, '17105444877526.jpg', 12, 14, '2024-03-15 23:54:19', '2024-03-15 20:54:19'),
(34, '2 بريڤ 10 + بولت + لوك كيبل ايفون تايب سي + كيبلين فليكس تايب سي', 'قوي - بريڤ 10 بطارية متنقلة + قوي - لوك كيبل لايتنق تايب سي بسلسلة مفاتيح + قوي - فليكس كيبل تايب سي  + قوي - بولت 10000 ملي امبير\r\nقوي - بريڤ بطارية متنقلة\r\nالادخال\r\nType-C: DC 5V/2.4A\r\n\r\nالإخراج\r\nType-C:5V/2.4A\r\nOutput USB-1: 5V/2.4A\r\nOutput USB-2: 5V/2.4A\r\nTriple Outputs: 5V/2.4A\r\nقوي - بولت 10000 ملي امبير\r\nالسعة : 10000 ملي امبير\r\n\r\n\r\nالادخال :\r\n\r\nتايب سي بي دي - 18 واط\r\nالاخراج :\r\n\r\nتايب سي بي دي 3.0 - 18 واط\r\nيو اس بي كوالكوم 4\r\n قوي - فليكس كيبل تايب سي \r\nالطول: 1.5 متر\r\nقوي - لوك كيبل لايتنق تايب سي بسلسلة مفاتيح\r\n\r\nالطول : 27سم', 23000, 24000, 28500, 1200, 3, 1020548587459, '17105446312823.jpg', 12, 14, '2024-03-15 23:54:19', '2024-03-15 20:54:19'),
(35, 'اس بي اس - سماعات ستيديو ميكس ٣.٠ - ابيض', 'تسمح لك هذه السماعات من التحدث على الهاتف، مشاهدة مقاطع الفيديو، والاستماع إلى الأغاني مع ستيديو ميكس ٣.٠\r\nخفيفة الوزن ومريحة\r\nتم تصميم ستيديو ميكس ٣.٠ لخفض ضوضاء الرياح وضمان جودة الصوت\r\nسهلة الاستخدام\r\nممكن الرد على المكالمات والتحكم بالصوت بلمسة واحده', 5000, 6000, 7000, 100, 5, 8018417209215, '17105447407788.jpg', 12, 15, '2024-03-16 09:44:44', '2024-03-16 06:44:44'),
(36, 'اس بي اس - سماعة دي جي ميكس - جينز', 'تعد سماعات Studio Mix DJ خطوة إلى الأمام في تجربة الصوت والأناقة. يتم التأكيد على جودة المواد والبناء لتوفير أفضل تجربة استماع بغض النظر عن النوع بفضل صوت الجهير القوي والنغمات العالية الديناميكية. يساهم نظام الألوان العصري في أسلوب فردي لا تشوبه شائبة.\r\n\r\nالمميزات:\r\n\r\nجودة صوت عالية\r\nانتاج الطاقة: 10 ميجا واط\r\nاستجابة التردد: 20Hz - 20KHz\r\nذكية قابلة للطي وقابل للتعديل رئيس الفرقة\r\nاللون: احمر', 5000, 6000, 7000, 200, 4, 8018417212079, '1710544811432.jpg', 12, 15, '2024-03-16 09:19:18', '2024-03-16 06:19:18'),
(37, 'اس بي اس - سماعة ستيديو ميكس 99 - أحمر', 'تعد سماعات الرأس الاستريو ستيديو ميكس 99 حلاً عمليًا للرد على المكالمات أو الاستماع إلى الموسيقى. اكتشف مدى ملائمة الكيبل المسطح عند استخدام سماعات الرأس أو طيها بعيدًا.\r\n\r\nيتم تزويد هذه الملحقات بمقبس عالمي مقاس 3.5 مم يتم توصيله بهاتفك الذكي. يمكنك الاستماع إلى أغانيك المفضلة بسعادة أو الرد على المكالمات عبر الميكروفون المدمج. دع صوتًا كاملًا وغامرًا يحيط بك.\r\n\r\nالكيبل المسطح خالي من التشابك: يمكن إبعاده بسهولة ولن يزعجك بالتشابك ، حتى عند ارتداء سماعات الرأس.\r\n\r\nسماعات ستيديو ميكس 99: تبرز سماعات الرأس قليلاً من الأذن لمنع الانزعاج أثناء الاستخدام المطول.\r\n\r\nالخصائص:\r\n\r\nسلك مسطح\r\nميكروفون مدمج\r\n3.5 ملم جاك', 9000, 10000, 13000, 80, 7, 8018417273209, '17105448855202.jpg', 12, 15, '2024-03-15 23:56:11', '2024-03-15 20:56:11'),
(38, 'مايسترو محول لايتننق اي يو اكس', 'يسمح لك اوكسي بتوصيل سماعات الرأس 3.5 ملم بأحدث طرازات ايفون\r\nلا توجد برامج إضافية ، تحتاج فقط إلى التوصيل والاستمتاع بجودة صوت الدقة.', 2000, 3000, 4000, 40, 15, 6983980150252, '17105449609574.jpg', 12, 15, '2024-03-15 23:56:11', '2024-03-15 20:56:11'),
(39, 'بطاقة ذاكرة سانديسك مايكرو اس دي حجم 128 جيجا', 'بطاقة ذاكرة سانديسك مايكرو اس دي حجم 128 جيجا\r\n\r\nوصف المنتج:\r\n\r\nسرعة النقل 100 MB/s\r\nفئة 10 لتسجيل وتشغيل الفيديو عالي الدقة\r\nيعمل مع الهواتف الذكية والأجهزة اللوحية التي تعمل بنظام Android', 5000, 6000, 7500, 10, 20, 3785025054524, '17105452845327.png', 12, 16, '2024-03-15 23:44:05', '2024-03-15 20:44:05'),
(40, 'فلاش ميموري سانديسك 64 جيجابايت', 'استمتع بقدرات وافرة وأقصى قدر من قابلية النقل مع سانديسك\r\nبفضل تصميمه الأنيق والمدمج وسعته السخية، يجعل محرك أقراص فلاش Cruzer Blade USB من السهل النسخ الاحتياطي لملفاتك ونقلها ومشاركتها يتيح لك محرك أقراص USB هذا حمل صورك وأفلامك وموسيقاك وبياناتك الشخصية أينما تذهب.\r\n\r\nتصميم مدمج لتحقيق أقصى قدر من قابلية الحمل\r\nيتميز محرك أقراص فلاش Cruzer Blade USB بتصميم مضغوط يتناسب بسهولة مع جيب أو حقيبة كمبيوتر.\r\n\r\nنسخة احتياطية بسيطة من ملف السحب والإفلات\r\nمن السهل نقل البيانات إلى محرك أقراص فلاش USB Cruzer Blade: ما عليك سوى توصيله بمنفذ USB بجهاز الكمبيوتر الخاص بك وسحب الملفات إلى مجلد محرك الأقراص. بعد تنزيل برنامج التشغيل السريع لأول مرة، يتيح لك محرك أقراص USB هذا البدء في تخزين بياناتك ونقلها ومشاركتها على الفور.\r\n\r\nالمواصفات :\r\n\r\nالسعة : 64 جيجابايت\r\n\r\nالتوافق : يو إس بي 2.0\r\n\r\nالأبعاد (الطول × العرض × الارتفاع) : 0.29 بوصة × 0.69 بوصة × 1.63 بوصة', 3000, 4000, 5500, 50, 20, 745820238584102, '17105454596289.png', 12, 16, '2024-03-15 23:44:05', '2024-03-15 20:44:05'),
(41, 'بطاقة ذاكرة سانديسك مايكرو اس دي حجم 32 جيجا', 'بطاقة ذاكرة سانديسك مايكرو اس دي حجم 32 جيجا\r\n\r\nهل تبحث عن كرت ميموري ذو جودة عالية ومساحة تخزينية كبيرة؟ إذاً، بطاقة ذاكرة سانديسك مايكرو اس دي بحجم 32 جيجا هي الخيار الأمثل لك. تتميز هذه البطاقة بسرعة قراءة وكتابة البيانات، مما يسمح لك بنقل الملفات بسهولة وسرعة. تستخدم سانديسك تقنية الفئة 10 للأداء العالي، مما يعني أنه يمكنك تسجيل الفيديوهات بجودة عالية بدون تأخير. يمكن استخدام هذه البطاقة مع كل المنتجات التي تدعم مكبرات الصوت والكاميرات والهواتف الذكية. احصل على بطاقة ذاكرة سانديسك مايكرو اس دي حجم 32 جيجا الآن واستمتع بالتخزين الآمن والسريع لجميع ملفاتك الهامة.\r\n\r\nوصف المنتج:\r\n\r\nسرعة النقل 100 MB/s\r\nفئة 10 لتسجيل وتشغيل الفيديو عالي الدقة\r\nيعمل مع الهواتف الذكية والأجهزة اللوحية التي تعمل بنظام Android', 2000, 3000, 4500, 10, 20, 7402508903574, '17105455919977.png', 12, 16, '2024-03-15 23:44:05', '2024-03-15 20:44:05'),
(42, 'فلاشات سانديسك ميني آيكسباند لأجهزة الايفون والايباد بسعة 256 جيجا بايت', 'فلاشات سانديسك ميني آيكسباند لأجهزة الايفون والايباد بسعة 256 جيجا بايت\r\n\r\nوصف المنتج:\r\n\r\nقم بتوفير مساحة بسهولة على جهاز ايفون الخاص بك (ايفون 5، ايفون 5c، ايفون 5s، ايفون 6 بلس، ايفون 6 اس، ايفون 6s بلس، ايفون اس اي، ايفون 7، ايفون 7 بلس، ايفون 8، ايفون 8 بلس، ايفون اكس، ايفون Xs ماكس، ايفون Xs ماكس، ايفون اكس ار، ايباد اير، ايباد ميني، ايباد ميني 4، ايباد برو، ايباد بشاشة ريتينا، ايباد الجيل الخامس والأحدث؛ تطبيق اي اكس باند درايف واي او اس 10.0. 2 أو أعلى تتطلب 2 أو دي.)\r\nقم بعمل نسخة احتياطية من الصور ومقاطع الفيديو تلقائيًا (يتطلب تطبيق iXpand Drive. متاح للتنزيل من متجر التطبيقات. يتطلب اي او اس 10.0.2 أو أعلى. قم بإعداد النسخ الاحتياطي التلقائي ضمن إعدادات التطبيق.)\r\nقم بتصوير مقاطع الفيديو مباشرة على محرك اي اكسباند، مما يوفر مساحة على جهاز الايفون الخاص بك (يسجل الفيديو أولاً إلى وحدة تخزين ايفون الداخلية قبل الانتقال تلقائيًا إلى محرك اي اكسباند)\r\nانقل المحتوى الخاص بك بسرعة من محرك اي اكس باند إلى جهاز الكمبيوتر الخاص بك باستخدام موصل USB 3.0 عالي السرعة\r\nحماية ملفاتك بكلمة مرور عبر أجهزة ايفون والكمبيوتر الشخصي وماك (الحماية بكلمة سر مدعومة بنظام اي او اس 10.0.2 والإصدارات الأحدث، ماك او اس اكس الإصدار 10.8 والإصدارات الأحدث، ويندوز 7، ويندوز 8 وويندوز 10)\r\nتصميم دوار مزدوج الأغراض يحمي الموصلات ويتميز بفتحة حلقة مفاتيح', 14000, 15000, 17000, 100, 20, 3085874520154, '17105457398381.png', 12, 16, '2024-03-15 23:44:05', '2024-03-15 20:44:05');

-- --------------------------------------------------------

--
-- بنية الجدول `purchase details`
--

CREATE TABLE `purchase details` (
  `id` int(11) NOT NULL,
  `purch_id` int(11) NOT NULL,
  `pro_id` int(11) NOT NULL,
  `quantity` int(11) NOT NULL,
  `total_cost` float NOT NULL,
  `created_at` timestamp NOT NULL DEFAULT current_timestamp() ON UPDATE current_timestamp(),
  `updated_at` timestamp NOT NULL DEFAULT current_timestamp() ON UPDATE current_timestamp()
) ENGINE=InnoDB DEFAULT CHARSET=utf8;

--
-- إرجاع أو استيراد بيانات الجدول `purchase details`
--

INSERT INTO `purchase details` (`id`, `purch_id`, `pro_id`, `quantity`, `total_cost`, `created_at`, `updated_at`) VALUES
(85, 74, 39, 20, 100000, '2024-03-15 23:44:05', '2024-03-15 23:44:05'),
(86, 74, 41, 20, 40000, '2024-03-15 23:44:05', '2024-03-15 23:44:05'),
(87, 74, 40, 20, 60000, '2024-03-15 23:44:05', '2024-03-15 23:44:05'),
(88, 74, 42, 20, 280000, '2024-03-15 23:44:05', '2024-03-15 23:44:05'),
(89, 75, 16, 15, 60000, '2024-03-15 23:46:17', '2024-03-15 23:46:17'),
(90, 75, 17, 15, 12000, '2024-03-15 23:46:17', '2024-03-15 23:46:17'),
(91, 75, 18, 15, 22500, '2024-03-15 23:46:17', '2024-03-15 23:46:17'),
(92, 75, 19, 10, 170000, '2024-03-15 23:46:17', '2024-03-15 23:46:17'),
(93, 76, 27, 5, 140000, '2024-03-15 23:48:23', '2024-03-15 23:48:23'),
(94, 76, 28, 5, 140000, '2024-03-15 23:48:23', '2024-03-15 23:48:23'),
(95, 76, 29, 5, 140000, '2024-03-15 23:48:23', '2024-03-15 23:48:23'),
(96, 76, 30, 5, 10000, '2024-03-15 23:48:23', '2024-03-15 23:48:23'),
(97, 77, 24, 2, 116000, '2024-03-15 23:50:40', '2024-03-15 23:50:40'),
(98, 77, 25, 2, 136000, '2024-03-15 23:50:40', '2024-03-15 23:50:40'),
(99, 77, 26, 2, 116000, '2024-03-15 23:50:40', '2024-03-15 23:50:40'),
(100, 78, 20, 4, 52000, '2024-03-15 23:52:08', '2024-03-15 23:52:08'),
(101, 78, 21, 4, 44000, '2024-03-15 23:52:08', '2024-03-15 23:52:08'),
(102, 78, 22, 4, 60000, '2024-03-15 23:52:08', '2024-03-15 23:52:08'),
(103, 78, 23, 4, 4000, '2024-03-15 23:52:08', '2024-03-15 23:52:08'),
(104, 79, 31, 3, 60000, '2024-03-15 23:54:19', '2024-03-15 23:54:19'),
(105, 79, 32, 3, 48000, '2024-03-15 23:54:19', '2024-03-15 23:54:19'),
(106, 79, 33, 3, 15000, '2024-03-15 23:54:19', '2024-03-15 23:54:19'),
(107, 79, 34, 3, 69000, '2024-03-15 23:54:19', '2024-03-15 23:54:19'),
(108, 80, 35, 8, 40000, '2024-03-15 23:56:11', '2024-03-15 23:56:11'),
(109, 80, 36, 10, 50000, '2024-03-15 23:56:11', '2024-03-15 23:56:11'),
(110, 80, 37, 7, 63000, '2024-03-15 23:56:11', '2024-03-15 23:56:11'),
(111, 80, 38, 15, 30000, '2024-03-15 23:56:11', '2024-03-15 23:56:11');

-- --------------------------------------------------------

--
-- بنية الجدول `purchases`
--

CREATE TABLE `purchases` (
  `id` int(11) NOT NULL,
  `sup_id` int(11) NOT NULL,
  `payment_method` varchar(255) NOT NULL,
  `additional_costs` float NOT NULL,
  `total` float NOT NULL,
  `amount_paid` float NOT NULL,
  `created_at` date NOT NULL,
  `updated_at` date NOT NULL
) ENGINE=InnoDB DEFAULT CHARSET=utf8;

--
-- إرجاع أو استيراد بيانات الجدول `purchases`
--

INSERT INTO `purchases` (`id`, `sup_id`, `payment_method`, `additional_costs`, `total`, `amount_paid`, `created_at`, `updated_at`) VALUES
(74, 61, 'آجل', 0, 480000, 0, '2024-03-15', '2024-03-15'),
(75, 55, 'نقد', 0, 264500, 264500, '2024-03-15', '2024-03-15'),
(76, 56, 'آجل', 0, 430000, 0, '2024-03-15', '2024-03-15'),
(77, 57, 'آجل', 0, 368000, 0, '2024-03-15', '2024-03-15'),
(78, 58, 'آجل', 0, 160000, 0, '2024-03-15', '2024-03-15'),
(79, 59, 'نقد', 0, 192000, 192000, '2024-03-15', '2024-03-15'),
(80, 60, 'نقد', 0, 183000, 183000, '2024-03-15', '2024-03-15');

-- --------------------------------------------------------

--
-- بنية الجدول `return details`
--

CREATE TABLE `return details` (
  `return_id` int(11) NOT NULL,
  `purchase_details_id` int(11) NOT NULL,
  `return_date` date NOT NULL,
  `quantity_returned` int(11) NOT NULL,
  `amount_returned` float NOT NULL,
  `created_at` date NOT NULL,
  `updated_at` date NOT NULL
) ENGINE=InnoDB DEFAULT CHARSET=utf8;

--
-- إرجاع أو استيراد بيانات الجدول `return details`
--

INSERT INTO `return details` (`return_id`, `purchase_details_id`, `return_date`, `quantity_returned`, `amount_returned`, `created_at`, `updated_at`) VALUES
(1, 89, '2024-03-16', 5, 20000, '2024-03-16', '2024-03-16'),
(2, 108, '2024-03-16', 3, 15000, '2024-03-16', '2024-03-16');

-- --------------------------------------------------------

--
-- بنية الجدول `return details order`
--

CREATE TABLE `return details order` (
  `return_id` int(11) NOT NULL,
  `order_details_id` int(11) NOT NULL,
  `return_date` date NOT NULL,
  `quantity_returned` int(11) NOT NULL,
  `amount_returned` float NOT NULL,
  `created_at` date NOT NULL,
  `updated_at` date NOT NULL
) ENGINE=InnoDB DEFAULT CHARSET=utf8;

-- --------------------------------------------------------

--
-- بنية الجدول `roles`
--

CREATE TABLE `roles` (
  `role_id` int(11) NOT NULL,
  `role_name` varchar(255) NOT NULL,
  `created_at` date NOT NULL,
  `updated_at` date NOT NULL
) ENGINE=InnoDB DEFAULT CHARSET=utf8;

-- --------------------------------------------------------

--
-- بنية الجدول `sales`
--

CREATE TABLE `sales` (
  `sales_id` int(11) NOT NULL,
  `date` date NOT NULL,
  `order_id` int(11) NOT NULL,
  `created_at` date NOT NULL,
  `updated_at` date NOT NULL
) ENGINE=InnoDB DEFAULT CHARSET=utf8;

--
-- إرجاع أو استيراد بيانات الجدول `sales`
--

INSERT INTO `sales` (`sales_id`, `date`, `order_id`, `created_at`, `updated_at`) VALUES
(13, '2024-03-16', 13, '2024-03-16', '2024-03-16'),
(16, '2024-03-16', 17, '2024-03-16', '2024-03-16'),
(17, '2024-03-16', 19, '2024-03-16', '2024-03-16'),
(18, '2024-03-16', 18, '2024-03-16', '2024-03-16'),
(19, '2024-03-16', 42, '2024-03-16', '2024-03-16'),
(20, '2024-03-16', 43, '2024-03-16', '2024-03-16');

-- --------------------------------------------------------

--
-- بنية الجدول `store`
--

CREATE TABLE `store` (
  `store_id` int(11) NOT NULL,
  `store_name` varchar(255) NOT NULL,
  `email` varchar(255) NOT NULL,
  `password` varchar(255) NOT NULL,
  `phone_number` int(11) NOT NULL,
  `created_at` date NOT NULL,
  `updated_at` date NOT NULL,
  `verify_password` timestamp NULL DEFAULT NULL,
  `email_verified_at` timestamp NULL DEFAULT NULL,
  `remember_token` varchar(255) DEFAULT NULL
) ENGINE=InnoDB DEFAULT CHARSET=utf8;

--
-- إرجاع أو استيراد بيانات الجدول `store`
--

INSERT INTO `store` (`store_id`, `store_name`, `email`, `password`, `phone_number`, `created_at`, `updated_at`, `verify_password`, `email_verified_at`, `remember_token`) VALUES
(34, 'm5zn Drop', 'm5zn@gmail.com', '$2y$10$hCQDCiwkKDzdGm/oe3DHRetzvWhdPZBbVj5FTuB8Ggu.Jc8F4lmWS', 772700900, '2024-03-16', '2024-03-16', NULL, '2024-03-15 21:07:31', NULL),
(35, 'احمد الوادعي', 'ahmed@gmail.com', '$2y$10$XQFGmBGmbmHzD8az3iDEA.1EaxdDL25cGKz8CMtIgZbg7xtn6g/bq', 776838299, '2024-03-16', '2024-03-16', NULL, '2024-03-16 06:00:29', NULL);

-- --------------------------------------------------------

--
-- بنية الجدول `sub categories`
--

CREATE TABLE `sub categories` (
  `id` int(11) NOT NULL,
  `name` varchar(255) NOT NULL,
  `created_at` date NOT NULL,
  `updated_at` date NOT NULL,
  `cat_id` int(11) NOT NULL
) ENGINE=InnoDB DEFAULT CHARSET=utf8;

--
-- إرجاع أو استيراد بيانات الجدول `sub categories`
--

INSERT INTO `sub categories` (`id`, `name`, `created_at`, `updated_at`, `cat_id`) VALUES
(10, 'عواكس', '2024-03-15', '2024-03-15', 11),
(11, 'تنجيدات', '2024-03-15', '2024-03-15', 11),
(12, 'انوار', '2024-03-15', '2024-03-15', 11),
(13, 'الكترونيات', '2024-03-15', '2024-03-15', 11),
(14, 'شواحن', '2024-03-15', '2024-03-15', 12),
(15, 'سماعات', '2024-03-15', '2024-03-15', 12),
(16, 'فلاشات', '2024-03-15', '2024-03-15', 12);

-- --------------------------------------------------------

--
-- بنية الجدول `suppliers`
--

CREATE TABLE `suppliers` (
  `sup_id` int(11) NOT NULL,
  `name` varchar(255) NOT NULL,
  `email` varchar(255) NOT NULL,
  `address` varchar(255) NOT NULL,
  `phone_number` int(11) NOT NULL,
  `balance` float NOT NULL,
  `created_at` timestamp NOT NULL DEFAULT current_timestamp() ON UPDATE current_timestamp(),
  `updated_at` timestamp NULL DEFAULT NULL
) ENGINE=InnoDB DEFAULT CHARSET=utf8;

--
-- إرجاع أو استيراد بيانات الجدول `suppliers`
--

INSERT INTO `suppliers` (`sup_id`, `name`, `email`, `address`, `phone_number`, `balance`, `created_at`, `updated_at`) VALUES
(55, 'كار تكنو - الكترونيات سيارات', 'carTechno@gmail.com', 'صنعاء - شارع خولان', 776838299, 0, '2024-03-15 18:54:39', '2024-03-15 18:54:39'),
(56, 'جونسون - عواكس سيارات', 'johnson@gmail.com', 'صنعاء - شارع مارب', 772141955, -130000, '2024-03-16 01:40:47', '2024-03-15 22:40:47'),
(57, 'الفخامة - تنجيد السيارات', 'al-fkhamh@gmail.com', 'صنعاء - 22 مايو', 772449622, -218000, '2024-03-16 00:03:04', '2024-03-15 21:03:04'),
(58, 'ترند ليد - انوار سيارات', 'trendLed@gmail.com', 'صنعاء - شارع تعز', 776273760, -160000, '2024-03-15 23:52:08', '2024-03-15 20:52:08'),
(59, 'مراد بيلة - شواحن هواتف', 'mourdBellh@gmail.com', 'صنعاء - شميلة', 777676006, 0, '2024-03-15 19:02:40', '2024-03-15 19:02:40'),
(60, 'مستودع اطلس - سماعات هواتف', 'atlas@gmail.com', 'صنعاء - شعوب', 777200040, 0, '2024-03-15 19:04:01', '2024-03-15 19:04:01'),
(61, 'ساند ديسك - فلاشات', 'sandisk@gmail.com', 'صنعاء - التحرير', 782080800, -180000, '2024-03-16 01:41:24', '2024-03-15 22:41:24');

-- --------------------------------------------------------

--
-- بنية الجدول `supplier transaction`
--

CREATE TABLE `supplier transaction` (
  `transaction_id` int(11) NOT NULL,
  `amount` float NOT NULL,
  `transaction_type` varchar(255) NOT NULL,
  `sup_id` int(11) NOT NULL,
  `created_at` timestamp NOT NULL DEFAULT current_timestamp() ON UPDATE current_timestamp(),
  `updated_at` date NOT NULL
) ENGINE=InnoDB DEFAULT CHARSET=utf8;

--
-- إرجاع أو استيراد بيانات الجدول `supplier transaction`
--

INSERT INTO `supplier transaction` (`transaction_id`, `amount`, `transaction_type`, `sup_id`, `created_at`, `updated_at`) VALUES
(36, 480000, 'خصم', 61, '2024-03-15 20:44:05', '2024-03-15'),
(37, 430000, 'خصم', 56, '2024-03-15 20:48:23', '2024-03-15'),
(38, 368000, 'خصم', 57, '2024-03-15 20:50:40', '2024-03-15'),
(39, 160000, 'خصم', 58, '2024-03-15 20:52:08', '2024-03-15'),
(40, 150000, 'سداد', 57, '2024-03-15 21:03:04', '2024-03-16'),
(41, 200000, 'سداد', 56, '2024-03-15 21:04:10', '2024-03-16'),
(42, 200000, 'سداد', 61, '2024-03-15 22:39:49', '2024-03-16'),
(43, 100000, 'سداد', 56, '2024-03-15 22:40:47', '2024-03-16'),
(44, 100000, 'سداد', 61, '2024-03-15 22:41:24', '2024-03-16');

-- --------------------------------------------------------

--
-- بنية الجدول `transfer`
--

CREATE TABLE `transfer` (
  `transfer_id` int(11) NOT NULL,
  `wallet_id` int(11) NOT NULL,
  `sender_name` varchar(255) NOT NULL,
  `sender_phone` int(11) NOT NULL,
  `amount_transferred` float NOT NULL,
  `transfer_number` int(11) NOT NULL,
  `transfer_date` date NOT NULL,
  `transfer_status` varchar(255) NOT NULL,
  `transfer_image` varchar(255) DEFAULT NULL,
  `created_at` date NOT NULL,
  `updated_at` date NOT NULL
) ENGINE=InnoDB DEFAULT CHARSET=utf8;

--
-- إرجاع أو استيراد بيانات الجدول `transfer`
--

INSERT INTO `transfer` (`transfer_id`, `wallet_id`, `sender_name`, `sender_phone`, `amount_transferred`, `transfer_number`, `transfer_date`, `transfer_status`, `transfer_image`, `created_at`, `updated_at`) VALUES
(42, 15, 'احمد محمد محمد الشامي', 772700900, 50000, 467468745, '2024-03-16', 'مرفوضة', '17105480481912.jpg', '2024-03-16', '2024-03-16'),
(43, 15, 'احمد محمد محمد الشامي', 772700900, 80000, 156465432, '2024-03-16', 'قيد الانتظار', '17105481433776.jpg', '2024-03-16', '2024-03-16'),
(44, 15, 'احمد محمد محمد الشامي', 772700900, 300000, 4456543, '2024-03-16', 'موافقة', '17105482699850.jpg', '2024-03-16', '2024-03-16'),
(45, 16, 'احمد الوادعي', 776838299, 150000, 548585475, '2024-03-16', 'موافقة', '17105806397007.jpg', '2024-03-16', '2024-03-16');

-- --------------------------------------------------------

--
-- بنية الجدول `transfer information`
--

CREATE TABLE `transfer information` (
  `transfer_info_id` int(11) NOT NULL,
  `name` varchar(255) NOT NULL,
  `phone` int(11) NOT NULL,
  `transfer_network` varchar(255) NOT NULL,
  `created_at` timestamp NOT NULL DEFAULT current_timestamp() ON UPDATE current_timestamp(),
  `updated_at` timestamp NULL DEFAULT NULL
) ENGINE=InnoDB DEFAULT CHARSET=utf8;

--
-- إرجاع أو استيراد بيانات الجدول `transfer information`
--

INSERT INTO `transfer information` (`transfer_info_id`, `name`, `phone`, `transfer_network`, `created_at`, `updated_at`) VALUES
(5, 'ابراهيم محمد عبدالله الخياط', 777676006, 'النجم', '2024-03-15 21:09:50', '2024-03-15 21:09:50');

-- --------------------------------------------------------

--
-- بنية الجدول `wallet`
--

CREATE TABLE `wallet` (
  `wallet_id` int(11) NOT NULL,
  `store_id` int(11) NOT NULL,
  `balance` float NOT NULL,
  `created_at` date NOT NULL,
  `updated_at` date NOT NULL
) ENGINE=InnoDB DEFAULT CHARSET=utf8;

--
-- إرجاع أو استيراد بيانات الجدول `wallet`
--

INSERT INTO `wallet` (`wallet_id`, `store_id`, `balance`, `created_at`, `updated_at`) VALUES
(15, 34, 163500, '2024-03-16', '2024-03-16'),
(16, 35, 95000, '2024-03-16', '2024-03-16');

-- --------------------------------------------------------

--
-- بنية الجدول `wallet operations`
--

CREATE TABLE `wallet operations` (
  `wallet_operation_id` int(11) NOT NULL,
  `wallet_id` int(11) NOT NULL,
  `operation_type` varchar(255) NOT NULL,
  `amount` float NOT NULL,
  `balance_aft_transfer` float NOT NULL,
  `details` varchar(255) NOT NULL,
  `created_at` timestamp NOT NULL DEFAULT current_timestamp() ON UPDATE current_timestamp(),
  `updated_at` timestamp NULL DEFAULT NULL
) ENGINE=InnoDB DEFAULT CHARSET=utf8;

--
-- إرجاع أو استيراد بيانات الجدول `wallet operations`
--

INSERT INTO `wallet operations` (`wallet_operation_id`, `wallet_id`, `operation_type`, `amount`, `balance_aft_transfer`, `details`, `created_at`, `updated_at`) VALUES
(62, 15, 'ايداع', 300000, 300000, ' ايداع مقابل حواله بمعرف 44 و رقم الحوالة 4456543', '2024-03-15 21:18:17', '2024-03-15 21:18:17'),
(63, 15, 'سحب', 41000, 259000, ' خصم مقابل الطلب بمعرف 13', '2024-03-15 21:27:06', '2024-03-15 21:27:06'),
(66, 15, 'سحب', 8500, 250500, ' خصم مقابل الطلب بمعرف 17', '2024-03-15 21:58:49', '2024-03-15 21:58:49'),
(67, 15, 'سحب', 8500, 242000, ' خصم مقابل الطلب بمعرف 19', '2024-03-15 22:34:29', '2024-03-15 22:34:29'),
(68, 15, 'سحب', 78500, 163500, ' خصم مقابل الطلب بمعرف 18', '2024-03-15 22:34:57', '2024-03-15 22:34:57'),
(69, 16, 'ايداع', 150000, 150000, ' ايداع مقابل حواله بمعرف 45 و رقم الحوالة 548585475', '2024-03-16 06:18:48', '2024-03-16 06:18:48'),
(70, 16, 'سحب', 37000, 113000, ' خصم مقابل الطلب بمعرف 42', '2024-03-16 06:19:18', '2024-03-16 06:19:18'),
(71, 16, 'سحب', 18000, 95000, ' خصم مقابل الطلب بمعرف 43', '2024-03-16 06:22:16', '2024-03-16 06:22:16');

--
-- Indexes for dumped tables
--

--
-- Indexes for table `admins`
--
ALTER TABLE `admins`
  ADD PRIMARY KEY (`id`),
  ADD UNIQUE KEY `admins_email_unique` (`email`);

--
-- Indexes for table `api`
--
ALTER TABLE `api`
  ADD PRIMARY KEY (`id`),
  ADD KEY `store_id` (`store_id`),
  ADD KEY `id` (`id`);

--
-- Indexes for table `cart`
--
ALTER TABLE `cart`
  ADD PRIMARY KEY (`cart_id`),
  ADD KEY `cart_id` (`cart_id`),
  ADD KEY `store_id` (`store_id`);

--
-- Indexes for table `cart_items`
--
ALTER TABLE `cart_items`
  ADD PRIMARY KEY (`cart_item_id`),
  ADD KEY `cart_item_id` (`cart_item_id`),
  ADD KEY `cart_id` (`cart_id`),
  ADD KEY `pro_id` (`pro_id`);

--
-- Indexes for table `categories`
--
ALTER TABLE `categories`
  ADD PRIMARY KEY (`id`),
  ADD KEY `cat_id` (`id`);

--
-- Indexes for table `dealer products`
--
ALTER TABLE `dealer products`
  ADD PRIMARY KEY (`dealer_pro_id`),
  ADD KEY `dealer_pro_id` (`dealer_pro_id`),
  ADD KEY `store_id` (`store_id`),
  ADD KEY `pro_id` (`pro_id`);

--
-- Indexes for table `delivery`
--
ALTER TABLE `delivery`
  ADD PRIMARY KEY (`delivery_id`),
  ADD KEY `delivery_id` (`delivery_id`);

--
-- Indexes for table `failed_jobs`
--
ALTER TABLE `failed_jobs`
  ADD PRIMARY KEY (`id`),
  ADD UNIQUE KEY `failed_jobs_uuid_unique` (`uuid`);

--
-- Indexes for table `migrations`
--
ALTER TABLE `migrations`
  ADD PRIMARY KEY (`id`);

--
-- Indexes for table `order details`
--
ALTER TABLE `order details`
  ADD PRIMARY KEY (`order_details_id`),
  ADD KEY `order_details_id` (`order_details_id`),
  ADD KEY `order_id` (`order_id`),
  ADD KEY `pro_id` (`pro_id`);

--
-- Indexes for table `orders`
--
ALTER TABLE `orders`
  ADD PRIMARY KEY (`order_id`),
  ADD KEY `order_id` (`order_id`),
  ADD KEY `store_id` (`store_id`),
  ADD KEY `delivery_id` (`delivery_id`);

--
-- Indexes for table `password_resets`
--
ALTER TABLE `password_resets`
  ADD KEY `password_resets_email_index` (`email`);

--
-- Indexes for table `personal_access_tokens`
--
ALTER TABLE `personal_access_tokens`
  ADD PRIMARY KEY (`id`),
  ADD UNIQUE KEY `personal_access_tokens_token_unique` (`token`),
  ADD KEY `personal_access_tokens_tokenable_type_tokenable_id_index` (`tokenable_type`,`tokenable_id`);

--
-- Indexes for table `products`
--
ALTER TABLE `products`
  ADD PRIMARY KEY (`id`),
  ADD KEY `pro_id` (`id`),
  ADD KEY `cat_id` (`cat_id`),
  ADD KEY `subCat_id` (`subCat_id`);

--
-- Indexes for table `purchase details`
--
ALTER TABLE `purchase details`
  ADD PRIMARY KEY (`id`),
  ADD KEY `purchDetails_id` (`id`),
  ADD KEY `purch_id` (`purch_id`),
  ADD KEY `pro_id` (`pro_id`);

--
-- Indexes for table `purchases`
--
ALTER TABLE `purchases`
  ADD PRIMARY KEY (`id`),
  ADD KEY `purch_id` (`id`),
  ADD KEY `sup_id` (`sup_id`);

--
-- Indexes for table `return details`
--
ALTER TABLE `return details`
  ADD PRIMARY KEY (`return_id`),
  ADD KEY `return_id` (`return_id`),
  ADD KEY `purchase_details_id` (`purchase_details_id`);

--
-- Indexes for table `return details order`
--
ALTER TABLE `return details order`
  ADD PRIMARY KEY (`return_id`),
  ADD KEY `return_id` (`return_id`),
  ADD KEY `order_details_id` (`order_details_id`);

--
-- Indexes for table `roles`
--
ALTER TABLE `roles`
  ADD PRIMARY KEY (`role_id`),
  ADD KEY `role_id` (`role_id`);

--
-- Indexes for table `sales`
--
ALTER TABLE `sales`
  ADD PRIMARY KEY (`sales_id`),
  ADD KEY `order_id` (`order_id`);

--
-- Indexes for table `store`
--
ALTER TABLE `store`
  ADD PRIMARY KEY (`store_id`),
  ADD UNIQUE KEY `email` (`email`),
  ADD KEY `store_id` (`store_id`);

--
-- Indexes for table `sub categories`
--
ALTER TABLE `sub categories`
  ADD PRIMARY KEY (`id`),
  ADD KEY `subCat_id` (`id`),
  ADD KEY `cat_id` (`cat_id`);

--
-- Indexes for table `suppliers`
--
ALTER TABLE `suppliers`
  ADD PRIMARY KEY (`sup_id`),
  ADD UNIQUE KEY `email` (`email`),
  ADD KEY `sup_id` (`sup_id`);

--
-- Indexes for table `supplier transaction`
--
ALTER TABLE `supplier transaction`
  ADD PRIMARY KEY (`transaction_id`),
  ADD KEY `transaction_id` (`transaction_id`),
  ADD KEY `sup_id` (`sup_id`);

--
-- Indexes for table `transfer`
--
ALTER TABLE `transfer`
  ADD PRIMARY KEY (`transfer_id`),
  ADD KEY `transfer_id` (`transfer_id`),
  ADD KEY `wallet_id` (`wallet_id`);

--
-- Indexes for table `transfer information`
--
ALTER TABLE `transfer information`
  ADD PRIMARY KEY (`transfer_info_id`),
  ADD KEY `transfer_info_id` (`transfer_info_id`);

--
-- Indexes for table `wallet`
--
ALTER TABLE `wallet`
  ADD PRIMARY KEY (`wallet_id`),
  ADD KEY `wallet_id` (`wallet_id`),
  ADD KEY `store_id` (`store_id`);

--
-- Indexes for table `wallet operations`
--
ALTER TABLE `wallet operations`
  ADD PRIMARY KEY (`wallet_operation_id`),
  ADD KEY `wallet_operation_id` (`wallet_operation_id`),
  ADD KEY `wallet_id` (`wallet_id`);

--
-- AUTO_INCREMENT for dumped tables
--

--
-- AUTO_INCREMENT for table `admins`
--
ALTER TABLE `admins`
  MODIFY `id` bigint(20) UNSIGNED NOT NULL AUTO_INCREMENT, AUTO_INCREMENT=2;

--
-- AUTO_INCREMENT for table `api`
--
ALTER TABLE `api`
  MODIFY `id` bigint(20) NOT NULL AUTO_INCREMENT, AUTO_INCREMENT=3;

--
-- AUTO_INCREMENT for table `cart`
--
ALTER TABLE `cart`
  MODIFY `cart_id` int(11) NOT NULL AUTO_INCREMENT, AUTO_INCREMENT=9;

--
-- AUTO_INCREMENT for table `cart_items`
--
ALTER TABLE `cart_items`
  MODIFY `cart_item_id` int(11) NOT NULL AUTO_INCREMENT, AUTO_INCREMENT=15;

--
-- AUTO_INCREMENT for table `categories`
--
ALTER TABLE `categories`
  MODIFY `id` int(11) NOT NULL AUTO_INCREMENT, AUTO_INCREMENT=13;

--
-- AUTO_INCREMENT for table `dealer products`
--
ALTER TABLE `dealer products`
  MODIFY `dealer_pro_id` int(11) NOT NULL AUTO_INCREMENT, AUTO_INCREMENT=26;

--
-- AUTO_INCREMENT for table `delivery`
--
ALTER TABLE `delivery`
  MODIFY `delivery_id` int(11) NOT NULL AUTO_INCREMENT, AUTO_INCREMENT=6;

--
-- AUTO_INCREMENT for table `failed_jobs`
--
ALTER TABLE `failed_jobs`
  MODIFY `id` bigint(20) UNSIGNED NOT NULL AUTO_INCREMENT;

--
-- AUTO_INCREMENT for table `migrations`
--
ALTER TABLE `migrations`
  MODIFY `id` int(10) UNSIGNED NOT NULL AUTO_INCREMENT, AUTO_INCREMENT=7;

--
-- AUTO_INCREMENT for table `order details`
--
ALTER TABLE `order details`
  MODIFY `order_details_id` int(11) NOT NULL AUTO_INCREMENT, AUTO_INCREMENT=55;

--
-- AUTO_INCREMENT for table `orders`
--
ALTER TABLE `orders`
  MODIFY `order_id` int(11) NOT NULL AUTO_INCREMENT, AUTO_INCREMENT=45;

--
-- AUTO_INCREMENT for table `personal_access_tokens`
--
ALTER TABLE `personal_access_tokens`
  MODIFY `id` bigint(20) UNSIGNED NOT NULL AUTO_INCREMENT;

--
-- AUTO_INCREMENT for table `products`
--
ALTER TABLE `products`
  MODIFY `id` int(11) NOT NULL AUTO_INCREMENT, AUTO_INCREMENT=43;

--
-- AUTO_INCREMENT for table `purchase details`
--
ALTER TABLE `purchase details`
  MODIFY `id` int(11) NOT NULL AUTO_INCREMENT, AUTO_INCREMENT=112;

--
-- AUTO_INCREMENT for table `purchases`
--
ALTER TABLE `purchases`
  MODIFY `id` int(11) NOT NULL AUTO_INCREMENT, AUTO_INCREMENT=81;

--
-- AUTO_INCREMENT for table `return details`
--
ALTER TABLE `return details`
  MODIFY `return_id` int(11) NOT NULL AUTO_INCREMENT, AUTO_INCREMENT=3;

--
-- AUTO_INCREMENT for table `return details order`
--
ALTER TABLE `return details order`
  MODIFY `return_id` int(11) NOT NULL AUTO_INCREMENT, AUTO_INCREMENT=3;

--
-- AUTO_INCREMENT for table `sales`
--
ALTER TABLE `sales`
  MODIFY `sales_id` int(11) NOT NULL AUTO_INCREMENT, AUTO_INCREMENT=21;

--
-- AUTO_INCREMENT for table `store`
--
ALTER TABLE `store`
  MODIFY `store_id` int(11) NOT NULL AUTO_INCREMENT, AUTO_INCREMENT=36;

--
-- AUTO_INCREMENT for table `sub categories`
--
ALTER TABLE `sub categories`
  MODIFY `id` int(11) NOT NULL AUTO_INCREMENT, AUTO_INCREMENT=17;

--
-- AUTO_INCREMENT for table `suppliers`
--
ALTER TABLE `suppliers`
  MODIFY `sup_id` int(11) NOT NULL AUTO_INCREMENT, AUTO_INCREMENT=62;

--
-- AUTO_INCREMENT for table `supplier transaction`
--
ALTER TABLE `supplier transaction`
  MODIFY `transaction_id` int(11) NOT NULL AUTO_INCREMENT, AUTO_INCREMENT=45;

--
-- AUTO_INCREMENT for table `transfer`
--
ALTER TABLE `transfer`
  MODIFY `transfer_id` int(11) NOT NULL AUTO_INCREMENT, AUTO_INCREMENT=46;

--
-- AUTO_INCREMENT for table `transfer information`
--
ALTER TABLE `transfer information`
  MODIFY `transfer_info_id` int(11) NOT NULL AUTO_INCREMENT, AUTO_INCREMENT=6;

--
-- AUTO_INCREMENT for table `wallet`
--
ALTER TABLE `wallet`
  MODIFY `wallet_id` int(11) NOT NULL AUTO_INCREMENT, AUTO_INCREMENT=17;

--
-- AUTO_INCREMENT for table `wallet operations`
--
ALTER TABLE `wallet operations`
  MODIFY `wallet_operation_id` int(11) NOT NULL AUTO_INCREMENT, AUTO_INCREMENT=72;

--
-- قيود الجداول المحفوظة
--

--
-- القيود للجدول `api`
--
ALTER TABLE `api`
  ADD CONSTRAINT `api_ibfk_1` FOREIGN KEY (`store_id`) REFERENCES `store` (`store_id`) ON DELETE CASCADE ON UPDATE CASCADE;

--
-- القيود للجدول `cart`
--
ALTER TABLE `cart`
  ADD CONSTRAINT `store_FK` FOREIGN KEY (`store_id`) REFERENCES `store` (`store_id`) ON DELETE CASCADE ON UPDATE CASCADE;

--
-- القيود للجدول `cart_items`
--
ALTER TABLE `cart_items`
  ADD CONSTRAINT `cartItems_pro_FK` FOREIGN KEY (`pro_id`) REFERENCES `products` (`id`) ON DELETE CASCADE ON UPDATE CASCADE,
  ADD CONSTRAINT `cart_cartItems_FK` FOREIGN KEY (`cart_id`) REFERENCES `cart` (`cart_id`) ON DELETE CASCADE ON UPDATE CASCADE;

--
-- القيود للجدول `dealer products`
--
ALTER TABLE `dealer products`
  ADD CONSTRAINT `dealer_pro_FK` FOREIGN KEY (`pro_id`) REFERENCES `products` (`id`) ON DELETE CASCADE ON UPDATE CASCADE,
  ADD CONSTRAINT `dealer_store_FK` FOREIGN KEY (`store_id`) REFERENCES `store` (`store_id`) ON DELETE CASCADE ON UPDATE CASCADE;

--
-- القيود للجدول `order details`
--
ALTER TABLE `order details`
  ADD CONSTRAINT `orderDetail_orders_FK` FOREIGN KEY (`order_id`) REFERENCES `orders` (`order_id`) ON DELETE CASCADE ON UPDATE CASCADE,
  ADD CONSTRAINT `products_orderDetails_FK` FOREIGN KEY (`pro_id`) REFERENCES `products` (`id`) ON DELETE CASCADE ON UPDATE CASCADE;

--
-- القيود للجدول `orders`
--
ALTER TABLE `orders`
  ADD CONSTRAINT `order_del_FK` FOREIGN KEY (`delivery_id`) REFERENCES `delivery` (`delivery_id`) ON DELETE CASCADE ON UPDATE CASCADE,
  ADD CONSTRAINT `order_store_FK` FOREIGN KEY (`store_id`) REFERENCES `store` (`store_id`) ON DELETE CASCADE ON UPDATE CASCADE;

--
-- القيود للجدول `products`
--
ALTER TABLE `products`
  ADD CONSTRAINT `cat_pro_FK` FOREIGN KEY (`cat_id`) REFERENCES `categories` (`id`) ON DELETE CASCADE ON UPDATE CASCADE,
  ADD CONSTRAINT `subCat_pro_FK` FOREIGN KEY (`subCat_id`) REFERENCES `sub categories` (`id`) ON DELETE CASCADE ON UPDATE CASCADE;

--
-- القيود للجدول `purchase details`
--
ALTER TABLE `purchase details`
  ADD CONSTRAINT `purchaseDetails_pro_FK` FOREIGN KEY (`pro_id`) REFERENCES `products` (`id`) ON DELETE CASCADE ON UPDATE CASCADE,
  ADD CONSTRAINT `purchaseDetails_purchases_FK` FOREIGN KEY (`purch_id`) REFERENCES `purchases` (`id`) ON DELETE CASCADE ON UPDATE CASCADE;

--
-- القيود للجدول `purchases`
--
ALTER TABLE `purchases`
  ADD CONSTRAINT `purchase_sup_FK` FOREIGN KEY (`sup_id`) REFERENCES `suppliers` (`sup_id`) ON DELETE CASCADE ON UPDATE CASCADE;

--
-- القيود للجدول `return details`
--
ALTER TABLE `return details`
  ADD CONSTRAINT `purchDetails_returnDetails_FK` FOREIGN KEY (`purchase_details_id`) REFERENCES `purchase details` (`id`) ON DELETE CASCADE ON UPDATE CASCADE;

--
-- القيود للجدول `return details order`
--
ALTER TABLE `return details order`
  ADD CONSTRAINT `returnDetails_orderDetails_FK` FOREIGN KEY (`order_details_id`) REFERENCES `order details` (`order_details_id`) ON DELETE CASCADE ON UPDATE CASCADE;

--
-- القيود للجدول `sales`
--
ALTER TABLE `sales`
  ADD CONSTRAINT `sales_order_FK` FOREIGN KEY (`order_id`) REFERENCES `orders` (`order_id`) ON DELETE CASCADE ON UPDATE CASCADE;

--
-- القيود للجدول `sub categories`
--
ALTER TABLE `sub categories`
  ADD CONSTRAINT `cat_FK` FOREIGN KEY (`cat_id`) REFERENCES `categories` (`id`) ON DELETE CASCADE ON UPDATE CASCADE;

--
-- القيود للجدول `supplier transaction`
--
ALTER TABLE `supplier transaction`
  ADD CONSTRAINT `trans_sup_FK` FOREIGN KEY (`sup_id`) REFERENCES `suppliers` (`sup_id`) ON DELETE CASCADE ON UPDATE CASCADE;

--
-- القيود للجدول `transfer`
--
ALTER TABLE `transfer`
  ADD CONSTRAINT `transfer_wallet_FK` FOREIGN KEY (`wallet_id`) REFERENCES `wallet` (`wallet_id`) ON DELETE CASCADE ON UPDATE CASCADE;

--
-- القيود للجدول `wallet`
--
ALTER TABLE `wallet`
  ADD CONSTRAINT `wallet_store_FK` FOREIGN KEY (`store_id`) REFERENCES `store` (`store_id`) ON DELETE CASCADE ON UPDATE CASCADE;

--
-- القيود للجدول `wallet operations`
--
ALTER TABLE `wallet operations`
  ADD CONSTRAINT `walletOperations_wallet_FK` FOREIGN KEY (`wallet_id`) REFERENCES `wallet` (`wallet_id`) ON DELETE CASCADE ON UPDATE CASCADE;
COMMIT;

/*!40101 SET CHARACTER_SET_CLIENT=@OLD_CHARACTER_SET_CLIENT */;
/*!40101 SET CHARACTER_SET_RESULTS=@OLD_CHARACTER_SET_RESULTS */;
/*!40101 SET COLLATION_CONNECTION=@OLD_COLLATION_CONNECTION */;
